<?xml version="1.0" encoding="UTF-8"?>
<project-private xmlns="http://www.netbeans.org/ns/project-private/1">
    <editor-bookmarks xmlns="http://www.netbeans.org/ns/editor-bookmarks/2" lastBookmarkId="0"/>
    <open-files xmlns="http://www.netbeans.org/ns/projectui-open-files/2">
        <group>
            <file>file:/D:/STUDY/se4-spring2023/LAB211/LAB3-PetManagement/PetManagement/src/petmanagement/service/OrderService.java</file>
            <file>file:/D:/STUDY/se4-spring2023/LAB211/LAB3-PetManagement/PetManagement/src/petmanagement/service/PetService.java</file>
            <file>file:/D:/STUDY/se4-spring2023/LAB211/LAB3-PetManagement/PetManagement/src/petmanagement/main/PetManagement.java</file>
            <file>file:/D:/STUDY/se4-spring2023/LAB211/LAB3-PetManagement/PetManagement/src/petmanagement/controller/PetStoreAbstractController.java</file>
        </group>
    </open-files>
</project-private>
